"","NA","NA","NA","NA","NA","NA","NA","NA","NA","NA","NA","NA","NA","NA","NA","NA","NA","NA","NA","NA","NA","NA","NA","NA","NA","NA","NA","NA","NA","NA"
"essential_hypertension",0.00378747997876521,0.0202877494702212,0.0202828626555647,0.460413530619325,0.00312226671873627,0.0553807715139593,0.00320709658324071,0.0030567958093944,0.00345644031120816,0.00335927941059231,0.00756983387547237,0.00863104345157002,0.177233894830806,0.163893424661898,0.265783676519073,0.00305851631315602,0.00548630321138494,0.00433367032426262,0.0460582098291335,0.00314384363059621,0.98849705385616,0.00311203185585075,0.0104480912665415,0.006317885700742,0.0012401687844275,0.00987451660545494,0.98322058263327,0.98322058263327,0.00324925782157153,0.741339865962346
