beta,varbeta,snp,pos,type,N,MAF,pval
0.14325198413692278,0.0022664142107236417,rs12328324,95339024,cc,343,0.01749271137026239,0.0028150329715933924
0.1103181813638792,0.0009188426084861683,rs1852300,95341388,cc,343,0.05539358600583091,0.0003154980964337668
