beta,varbeta,snp,pos,type,N,MAF,pval
0.7468376679867527,0.008097735211676024,rs35614371,92051490,cc,343,0.01749271137026239,2.4529321940165742e-15
0.574971255667797,0.007846352405622937,rs10200611,92081640,cc,343,0.01749271137026239,2.9984711644675567e-10
0.5930015563617788,0.038398340054188,rs1179071,92128732,cc,343,0.0029154518950437317,0.002664099581645813
0.5826584493709587,0.0077178554685708636,rs4059663,92144868,cc,343,0.01749271137026239,1.292143238637523e-10
0.7502953565577555,0.008082598896622696,rs12105714,92174772,cc,343,0.01749271137026239,1.7733692697642937e-15
