beta,varbeta,snp,pos,type,N,MAF,pval
0.02915585184895579,1.6819330546112118e-05,rs7467421,70502904,cc,343,0.0029154518950437317,6.850432728118951e-12
