beta,varbeta,snp,pos,type,N,MAF,pval
0.44216149948984784,0.0013200532653670745,rs9744388,20143409,cc,343,0.04081632653061224,1.48111371158417e-28
0.4965633747388849,0.004819029396826167,rs10163108,20151610,cc,343,0.0029154518950437317,5.189535142635234e-12
0.41114396191850666,0.0007772104563851899,rs6599770,20161372,cc,343,0.07871720116618076,1.9192758925441808e-38
0.39898909529809456,0.000650498574667029,rs7170864,20176300,cc,343,0.09037900874635568,5.4837553299074483e-42
0.43269307621887965,0.0015774985948305317,rs12440100,20177092,cc,343,0.03206997084548105,6.34066789011466e-24
0.3942875656471303,0.0006378269808810197,rs10152550,20180945,cc,343,0.09620991253644315,7.318568730043584e-42
0.36132021389733104,0.0003414395369002565,rs12906138,20184600,cc,343,0.1924198250728863,1.0930445021860122e-57
0.3993901730135718,0.0004680485798974265,rs7179358,20191741,cc,343,0.119533527696793,2.742583797266341e-53
0.41140586049632677,0.0008141347500356457,rs4932079,20192011,cc,343,0.07580174927113703,3.7528246326497905e-37
0.40554296629848613,0.06156721396949691,rs12148360,20193922,cc,343,0.014577259475218658,0.10309201529530942
0.37294743075338055,0.000505776867040975,rs4932072,20212798,cc,343,0.13994169096209913,9.726498911231533e-46
0.5121872413077405,0.005316083998241629,rs2199325,20263028,cc,343,0.14868804664723032,1.164562458103169e-11
