beta,varbeta,snp,pos,type,N,MAF,pval
0.03432070991687286,8.657075409810168e-06,rs4713216,29364147,cc,343,0.21282798833819241,1.0735147641271718e-26
