beta,varbeta,snp,pos,type,N,MAF,pval
8.631676871874943,0.8509453821266642,rs7467421,70502904,cc,343,0.0029154518950437317,1.1147056895681151e-18
