beta,varbeta,snp,pos,type,N,MAF,pval
0.10149768900995916,0.0005491737084090755,rs10120296,68170421,cc,343,0.014577259475218658,1.9518116783877706e-05
0.11818508264233843,0.001158166472373801,rs4308847,68176152,cc,343,0.12536443148688048,0.0005812281000084883
0.10100126541073451,0.00048064040927862207,rs10123335,68211592,cc,343,0.014577259475218658,5.773610102362737e-06
0.10100126541073451,0.00048064040927862207,rs7041252,68298352,cc,343,0.014577259475218658,5.773610102362737e-06
0.14528925060526365,0.002516144518646917,rs28665796,68838523,cc,343,0.05830903790087463,0.004017076239261711
