beta,varbeta,snp,pos,type,N,MAF,pval
4.46722601785007,0.17764409871051529,rs2524005,29899677,cc,343,0.043731778425655975,6.934049228073924e-23
4.810616684647977,1.4303903116484376,rs7772638,29899756,cc,343,0.0029154518950437317,7.097063109976383e-05
