beta,varbeta,snp,pos,type,N,MAF,pval
13.066212151741693,1.4637008016300863,rs9744388,20143409,cc,343,0.04081632653061224,1.3648270396577655e-23
15.319592147719757,5.062263134964413,rs10163108,20151610,cc,343,0.0029154518950437317,4.4312651798721126e-11
12.600624324053623,0.8550692553692096,rs6599770,20161372,cc,343,0.07871720116618076,4.478489957109621e-34
12.499261065248461,0.7011520636714359,rs7170864,20176300,cc,343,0.09037900874635568,3.7701467248401845e-39
13.863211579300069,1.6429455541176186,rs12440100,20177092,cc,343,0.03206997084548105,1.2019233377822873e-23
12.333613241711152,0.6887157331727319,rs10152550,20180945,cc,343,0.09620991253644315,6.82694631602297e-39
11.149263578442918,0.3869176962087364,rs12906138,20184600,cc,343,0.1924198250728863,3.979242335006623e-51
12.4089448873617,0.5193854626634649,rs7179358,20191741,cc,343,0.119533527696793,2.749480238500455e-48
12.64392420604484,0.8908405258236745,rs4932079,20192011,cc,343,0.07580174927113703,3.4495629430742284e-33
29.10273885579681,61.906579600206754,rs12148360,20193922,cc,343,0.014577259475218658,0.00025225457962490026
11.183108627712965,0.5811321452008915,rs4932072,20212798,cc,343,0.13994169096209913,3.8837324083940803e-38
17.006423652071454,5.466400495572559,rs2199325,20263028,cc,343,0.14868804664723032,2.4036496494654183e-12
