beta,varbeta,snp,pos,type,N,MAF,pval
20.195946857479406,19.276080028361466,rs28665796,68838523,cc,343,0.05830903790087463,5.959726673498999e-06
19.69746206033113,7.220097995829096,rs9413987,69166472,cc,343,0.14285714285714285,1.668442278069789e-12
