beta,varbeta,snp,pos,type,N,MAF,pval
1920.2163813311581,6269.9995527235205,rs3935099,81016049,cc,343,0.2099125364431487,2.7245816754734492e-76
2242.281440168702,19474.37655593596,rs4073038,81021937,cc,343,0.06705539358600583,1.1191633615853822e-43
2242.9258395582365,19465.925489172827,rs9911217,81022458,cc,343,0.06705539358600583,1.0388090402796528e-43
2111.1472026188153,19214.3576869911,rs9896583,81029271,cc,343,0.08746355685131195,2.3952029011386726e-40
2719.7437648606947,156084.56320639778,rs9909948,81030154,cc,343,0.0029154518950437317,2.7909123456560964e-11
2534.2678998639876,82449.77848340738,rs4986077,81032182,cc,343,0.008746355685131196,5.705055353946619e-17
2217.8801183299643,20538.796778812244,rs7223506,81033874,cc,343,0.06705539358600583,2.5481147489402656e-41
2222.3082052111795,20178.953520438674,rs6502042,81035278,cc,343,0.06705539358600583,5.4528842597254974e-42
2205.8512000081264,19802.76866919544,rs6416856,81035574,cc,343,0.06997084548104957,4.10726772168522e-42
2080.097529605327,13482.820683234186,rs7501672,81035823,cc,343,0.11078717201166181,4.3677852254010727e-51
2067.660444916786,11020.227047453698,rs9675039,81036344,cc,343,0.13119533527696792,2.9296799299402955e-58
2112.3676809027374,13172.917768627802,rs6502043,81041077,cc,343,0.10204081632653061,4.617145790556412e-53
1921.6103467389173,6475.308729020956,rs6502044,81041338,cc,343,0.21574344023323616,7.487710049013115e-75
2132.6951246184008,12332.335189240486,rs9908756,81043039,cc,343,0.11078717201166181,2.777688850100186e-56
1955.3806144794307,7162.098857481401,rs7221348,81046413,cc,343,0.19533527696793002,8.016236983426117e-72
2728.337685687259,399134.19518670626,rs35680231,81047708,cc,343,0.05539358600583091,2.0602448973957476e-05
2203.451821128673,14883.856715887303,rs4986109,81049726,cc,343,0.08746355685131195,1.1164041667770969e-51
2292.420656350301,18519.938577197634,rs7502442,81051007,cc,343,0.061224489795918366,8.664082200826157e-47
