beta,varbeta,snp,pos,type,N,MAF,pval
46.92250653471494,30.61506863420994,rs10120296,68170421,cc,343,0.014577259475218658,6.843344034265843e-16
51.341540351943436,68.98331778172687,rs4308847,68176152,cc,343,0.12536443148688048,1.8072993197258157e-09
47.63301765835358,26.016308891444385,rs10123335,68211592,cc,343,0.014577259475218658,1.2812024284706024e-18
47.63301765835358,26.016308891444385,rs7041252,68298352,cc,343,0.014577259475218658,1.2812024284706024e-18
