beta,varbeta,snp,pos,type,N,MAF,pval
0.25875496758652367,0.0008401234947433026,rs4841831,6917278,cc,343,0.10787172011661808,2.721187775150936e-17
0.2723372645516576,0.0011192299074300974,rs7834209,6919748,cc,343,0.061224489795918366,7.41662607773847e-15
0.26978887639210836,0.0016159076033268036,rs4240691,6921404,cc,343,0.037900874635568516,8.018951867606535e-11
0.34740093081344936,0.015234878430769877,rs4448295,6921690,cc,343,0.061224489795918366,0.005167090494128931
0.37987648692772213,0.0055297445209192015,rs17078623,6921968,cc,343,0.0029154518950437317,5.409213766099452e-07
0.2749023135535959,0.0011096942549782343,rs10096879,6925869,cc,343,0.0641399416909621,3.407897940490788e-15
0.28215254436090315,0.0012029373030310946,rs11137090,6933590,cc,343,0.05830903790087463,7.695659235600966e-15
0.2324386415191813,0.0006384793803433588,rs4361779,6938021,cc,343,0.18950437317784258,3.651407379737521e-18
0.2945247656778561,0.0008869283375166595,rs9720908,6945876,cc,343,0.09620991253644315,1.896512177405159e-20
0.20882430080233466,0.08170826175197221,rs11784880,6955048,cc,343,0.011661807580174927,0.4655561613301522
0.26087756923854416,0.0011051583000400225,rs4841839,6962741,cc,343,0.08163265306122448,5.49988914378913e-14
0.0622127952498555,0.16366022158967053,rs7387039,6972721,cc,343,0.0058309037900874635,0.8778715908826589
0.3099763656673912,0.0010180291575986778,rs7388463,6974050,cc,343,0.06997084548104957,7.304385356843756e-20
0.4057109552767366,0.022900357794878545,rs17080202,6982980,cc,343,0.04081632653061224,0.007696115122275122
0.6473369312543645,0.016003304937268353,rs13268267,6986241,cc,343,0.05539358600583091,5.183619298160321e-07
0.2649188146447521,0.0005370640886445218,rs4840674,7007415,cc,343,0.1836734693877551,7.559132401097334e-26
0.3888667605083802,0.012651567075486939,rs35292150,7154036,cc,343,0.0728862973760933,0.0006146005567911426
0.44368743088159623,0.006864005637489275,rs12680482,7242715,cc,343,0.1282798833819242,1.5704567714029098e-07
