beta,varbeta,snp,pos,type,N,MAF,pval
0.15707587371065293,0.0013412259213754656,rs28537091,32604410,cc,343,0.08163265306122448,2.3380413654919433e-05
0.15540390527055356,0.0018138764712762978,rs34105532,32648969,cc,343,0.061224489795918366,0.00030448791911053083
0.18150371778615335,0.002102247217947201,rs605357,32879413,cc,343,0.052478134110787174,9.171933524847973e-05
