beta,varbeta,snp,pos,type,N,MAF,pval
12.674811692112746,2.7073652037927616,rs12328324,95339024,cc,343,0.01749271137026239,1.4481841855708189e-13
10.362456652550428,0.9894494085229284,rs1852300,95341388,cc,343,0.05539358600583091,2.966602926012538e-22
12.674811692112746,2.7073652037927616,rs12717791,95420294,cc,343,0.01749271137026239,1.4481841855708189e-13
13.03873277674803,2.803786798572426,rs11885687,95429424,cc,343,0.014577259475218658,8.267658533706581e-14
13.239348681137088,2.969242741514797,rs11897891,95440352,cc,343,0.014577259475218658,1.653764905845745e-13
13.21643849192164,3.0193727399544197,rs10202262,95444917,cc,343,0.014577259475218658,2.7610635094215885e-13
8.272729688247036,0.37105358400698973,rs6716242,95459413,cc,343,0.20699708454810495,6.721942347973274e-34
