beta,varbeta,snp,pos,type,N,MAF,pval
1.3459683124435076,0.006387327414099168,rs6683357,121164607,cc,343,0.15743440233236153,8.977873339518822e-47
1.2778898717287157,0.0041092162908103825,rs6600673,121168848,cc,343,0.24198250728862974,3.2242972441830376e-59
1.3238701993477786,0.005844460201692687,rs4844616,121171208,cc,343,0.1749271137026239,1.1025015003218492e-48
1.3238701993477786,0.005844460201692687,rs7532615,121172840,cc,343,0.1749271137026239,1.1025015003218492e-48
1.3238701993477786,0.005844460201692687,rs4844607,121184059,cc,343,0.1749271137026239,1.1025015003218492e-48
1.3297506848402745,0.005911916448145654,rs4844381,121184898,cc,343,0.17201166180758018,1.3590307410725768e-48
1.3297506848402745,0.005911916448145654,rs12145080,121185531,cc,343,0.17201166180758018,1.3590307410725768e-48
1.346869283232079,0.006348568062364771,rs6600671,121200490,cc,343,0.15743440233236153,5.03286297622017e-47
1.346869283232079,0.006348568062364771,rs2319969,121207335,cc,343,0.15743440233236153,5.03286297622017e-47
2.1053889117099502,0.46480494272399203,rs6600667,121221334,cc,343,0.026239067055393587,0.002178920363643445
1.3688617623502886,0.006702105137323161,rs2319971,121226982,cc,343,0.1457725947521866,2.7346586223319183e-46
1.3205910928638214,0.004088505931426618,rs6600662,121230790,cc,343,0.22157434402332363,4.2636367578447915e-62
1.5674367584184188,0.03020658293647766,rs4147001,121236110,cc,343,0.029154518950437316,1.3902532328550026e-17
1.3650164357264754,0.0049380586619755746,rs11249433,121280613,cc,343,0.18075801749271136,3.609825566402138e-57
1.365925101320054,0.006760193126328315,rs11249431,121286203,cc,343,0.1457725947521866,7.389892870012406e-46
1.365925101320054,0.006760193126328315,rs2222371,121289118,cc,343,0.1457725947521866,7.389892870012406e-46
1.347046188328971,0.006284356111229498,rs12146056,121290234,cc,343,0.16034985422740525,2.2236469169147646e-47
1.3572782147701807,0.006426332373376935,rs11249429,121291080,cc,343,0.15451895043731778,3.912127330637551e-47
1.3318854382846574,0.005838470804106091,rs4259688,121305321,cc,343,0.1749271137026239,3.844785912140635e-49
1.3485288528306472,0.006727180222133223,rs11249395,121311799,cc,343,0.14868804664723032,3.589437389541438e-45
1.3469755115999453,0.007015515163305195,rs17842570,121312687,cc,343,0.1457725947521866,9.862629998213013e-44
