beta,varbeta,snp,pos,type,N,MAF,pval
0.013517930724247881,3.7470194648766263e-06,rs6599770,20161372,cc,343,0.07871720116618076,1.5079382471435744e-11
0.013457786536551292,3.228147431867162e-06,rs7170864,20176300,cc,343,0.09037900874635568,5.912634715164776e-13
0.013972120347925185,6.584281520879482e-06,rs12440100,20177092,cc,343,0.03206997084548105,9.903715374637191e-08
0.013214107817739209,3.1677631070965424e-06,rs10152550,20180945,cc,343,0.09620991253644315,9.086908393879548e-13
0.012066496988745196,2.0093372074010095e-06,rs12906138,20184600,cc,343,0.1924198250728863,5.446631714460255e-16
0.013117734501999396,2.643377018201406e-06,rs7179358,20191741,cc,343,0.119533527696793,1.2203085336546388e-14
0.01378167059766695,3.852419658837155e-06,rs4932079,20192011,cc,343,0.07580174927113703,1.1881019888912067e-11
0.0098088701004095,0.0002086476121063092,rs12148360,20193922,cc,343,0.014577259475218658,0.49755504874172396
0.011848401318994551,2.6620030759167462e-06,rs4932072,20212798,cc,343,0.13994169096209913,2.5929758686515497e-12
0.018402811976757066,1.9492985233561343e-05,rs2199325,20263028,cc,343,0.14868804664723032,3.894631817776282e-05
