beta,varbeta,snp,pos,type,N,MAF,pval
3.4921660161865526,0.10704355364162196,rs2524005,29899677,cc,343,0.043731778425655975,3.7956596599188464e-23
3.962728791401092,0.8599322783218529,rs7772638,29899756,cc,343,0.0029154518950437317,2.5003297260361316e-05
