beta,varbeta,snp,pos,type,N,MAF,pval
0.17763236018803535,0.0012705962023203388,rs11907846,62906433,cc,343,0.04081632653061224,9.946788719220859e-07
0.17763236018803535,0.0012705962023203388,rs10485816,62906514,cc,343,0.04081632653061224,9.946788719220859e-07
0.14178449971089874,0.0005314334939994878,rs6062362,62911229,cc,343,0.15743440233236153,2.1573512016111387e-09
0.14180799002497388,0.0005345285997962183,rs6090105,62911343,cc,343,0.15743440233236153,2.373210474344281e-09
0.14344294633043247,0.0005935326440785178,rs6062363,62912463,cc,343,0.13994169096209913,9.347973669492805e-09
