beta,varbeta,snp,pos,type,N,MAF,pval
0.032032418236989046,1.641845896682697e-05,rs10120296,68170421,cc,343,0.014577259475218658,3.713253680037213e-14
0.030124155443756663,3.7538747312146856e-05,rs4308847,68176152,cc,343,0.12536443148688048,1.368794641112229e-06
0.030882192987858575,1.4322885404039763e-05,rs10123335,68211592,cc,343,0.014577259475218658,6.47454024165806e-15
0.030882192987858575,1.4322885404039763e-05,rs7041252,68298352,cc,343,0.014577259475218658,6.47454024165806e-15
