beta,varbeta,snp,pos,type,N,MAF,pval
0.18213390163990234,0.0002556797992566902,rs3965725,14597009,cc,343,0.1457725947521866,1.0627348247280633e-25
0.16031162496020607,0.00021479851751298384,rs2775537,14601415,cc,343,0.21282798833819241,4.424502265453066e-24
0.1699135889994307,0.0002257088709775401,rs2261645,14630588,cc,343,0.1924198250728863,2.0780649293232204e-25
0.1699135889994307,0.0002257088709775401,rs2742158,14638916,cc,343,0.1924198250728863,2.0780649293232204e-25
0.1699135889994307,0.0002257088709775401,rs2260810,14640400,cc,343,0.1924198250728863,2.0780649293232204e-25
0.1699135889994307,0.0002257088709775401,rs2260895,14642464,cc,343,0.1924198250728863,2.0780649293232204e-25
0.15011134115002056,0.0001872648445326294,rs2821796,14649798,cc,343,0.2565597667638484,3.429117067213554e-24
0.17099287856605658,0.00019239541170172874,rs2742182,14665973,cc,343,0.22448979591836735,3.830598147263944e-29
0.1691272130609029,0.0001897045923015478,rs1148737,14669931,cc,343,0.2303206997084548,5.800296828732334e-29
0.18700362925598682,0.006932708950489647,rs2259207,14676907,cc,343,0.05539358600583091,0.025345685793600033
0.15102341406414974,0.00018888194573328995,rs1296972,14688825,cc,343,0.23615160349854228,2.9279583630722295e-24
0.17366931648628603,0.0001938019753764608,rs3119488,14693233,cc,343,0.21574344023323616,1.0765012624421729e-29
0.15109941248278413,0.00022255919189959875,rs2259403,14693381,cc,343,0.21282798833819241,2.9327732742817824e-21
0.15159960909026854,0.00022400743360466544,rs2261930,14704303,cc,343,0.2099125364431487,2.918359107265674e-21
