beta,varbeta,snp,pos,type,N,MAF,pval
5.891329846146397,0.3625116097180697,rs7041252,68298352,cc,343,0.014577259475218658,4.269056081203053e-20
6.351562356154387,2.2252212921878423,rs28665796,68838523,cc,343,0.05830903790087463,2.6695761498406176e-05
6.495955972290302,0.8330162173376547,rs9413987,69166472,cc,343,0.14285714285714285,6.508606113925206e-12
