beta,varbeta,snp,pos,type,N,MAF,pval
28.081282946590946,61.058830493081686,rs6673776,149060682,cc,343,0.0058309037900874635,0.00037388319107218936
27.597078978024655,64.86498685793931,rs6593881,149112292,cc,343,0.0058309037900874635,0.0006857693140406375
