beta,varbeta,snp,pos,type,N,MAF,pval
16.119311319435724,2.5556014674881458,rs2524005,29899677,cc,343,0.043731778425655975,4.181293520794739e-21
19.54923911639085,19.927767613299515,rs7772638,29899756,cc,343,0.0029154518950437317,1.58507919738401e-05
