beta,varbeta,snp,pos,type,N,MAF,pval
1.7997620045395306,0.03759367633363814,rs7467421,70502904,cc,343,0.0029154518950437317,1.956007497644049e-18
