beta,varbeta,snp,pos,type,N,MAF,pval
8.310623503211655,0.7275830842547941,rs10123335,68211592,cc,343,0.014577259475218658,5.89414961449362e-20
8.310623503211655,0.7275830842547941,rs7041252,68298352,cc,343,0.014577259475218658,5.89414961449362e-20
8.9346921068348,4.460718304046185,rs28665796,68838523,cc,343,0.05830903790087463,2.9996308142511902e-05
8.702640093148549,1.694523593245117,rs9413987,69166472,cc,343,0.14285714285714285,9.386838329704717e-11
