beta,varbeta,snp,pos,type,N,MAF,pval
3.8946099086298807,0.33028763969957015,rs12328324,95339024,cc,343,0.01749271137026239,5.393763268295603e-11
3.8176451125886937,0.11108259048292074,rs1852300,95341388,cc,343,0.05539358600583091,6.240359105168385e-26
3.8946099086298807,0.33028763969957015,rs12717791,95420294,cc,343,0.01749271137026239,5.393763268295603e-11
4.0334319038155,0.34166585457442455,rs11885687,95429424,cc,343,0.014577259475218658,2.524023003094512e-11
3.8918785213191165,0.36627406410352537,rs11897891,95440352,cc,343,0.014577259475218658,4.277909596020781e-10
3.9179169170773562,0.37138172009565396,rs10202262,95444917,cc,343,0.014577259475218658,4.3194527610369906e-10
3.042506830367825,0.04028393095933095,rs6716242,95459413,cc,343,0.20699708454810495,4.588866406146467e-40
4.471583784899501,0.2603761647426505,rs12465202,95528035,cc,343,0.014577259475218658,8.996304663844819e-17
3.1647193285042095,0.06126212699135348,rs11164111,95535544,cc,343,0.13994169096209913,7.268566790428888e-31
3.1961392301637943,0.06408390733323464,rs7605623,95550958,cc,343,0.13411078717201166,2.9306451823581145e-30
3.0278811860808448,0.03979518982944785,rs6725878,95566824,cc,343,0.21574344023323616,3.842720028577895e-40
3.000101848717248,0.03999011871217099,rs10210891,95580865,cc,343,0.21865889212827988,1.9047987011749013e-39
3.317242475800647,0.09813331135854572,rs4854239,95586249,cc,343,0.08746355685131195,7.490872357715591e-23
3.296678849864969,0.09740763656394899,rs12474195,95595941,cc,343,0.09037900874635568,9.270651428806319e-23
4.448104982271704,0.7984637762528168,rs1914687,95615157,cc,343,0.0029154518950437317,1.0208954152240752e-06
3.3046315053913204,0.09894652263746238,rs4564804,95628045,cc,343,0.08746355685131195,1.4667609010278365e-22
3.316667929222894,0.10045081067760983,rs10172167,95629038,cc,343,0.08454810495626822,2.036281007612697e-22
