beta,varbeta,snp,pos,type,N,MAF,pval
1.211624493854624,0.06216707978565225,rs10071993,180709915,cc,343,0.0029154518950437317,1.7961765399279512e-06
