beta,varbeta,snp,pos,type,N,MAF,pval
0.3058189946204485,0.0004722135043781989,rs9896583,81029271,cc,343,0.08746355685131195,8.347445890819327e-36
0.3531098217145442,0.0037449402119205987,rs9909948,81030154,cc,343,0.0029154518950437317,1.7752910545729287e-08
0.3859301351832607,0.0019053631271708667,rs4986077,81032182,cc,343,0.008746355685131196,5.0961336770655137e-17
0.3160862041122814,0.0005154118157967536,rs7223506,81033874,cc,343,0.06705539358600583,3.2050509721202635e-35
0.31661398598591545,0.000507443663652933,rs6502042,81035278,cc,343,0.06705539358600583,9.816715108961994e-36
0.31549364049915507,0.0004958878773067581,rs6416856,81035574,cc,343,0.06997084548104957,3.581168923150664e-36
0.30231869748507045,0.0003370997822903548,rs7501672,81035823,cc,343,0.11078717201166181,2.868479565606964e-45
0.29762280270854635,0.0002849032621667936,rs9675039,81036344,cc,343,0.13119533527696792,5.927390419769444e-50
0.31435895724767904,0.0003173708222557938,rs6502043,81041077,cc,343,0.10204081632653061,5.245302371503918e-50
0.2728205704429866,0.00018177877538397025,rs6502044,81041338,cc,343,0.21574344023323616,2.0137677566245362e-60
0.2983732621450234,0.00033240763353191877,rs9908756,81043039,cc,343,0.11078717201166181,7.248246630357727e-45
0.2764957387647038,0.00020061008403125384,rs7221348,81046413,cc,343,0.19533527696793002,1.4772270602693995e-57
0.4561562728451043,0.009124658676547048,rs35680231,81047708,cc,343,0.05539358600583091,2.6649505658175266e-06
0.3241563749983148,0.00036522330346360675,rs4986109,81049726,cc,343,0.08746355685131195,2.9442514970301374e-47
0.34246741123325897,0.00044065959819429947,rs7502442,81051007,cc,343,0.061224489795918366,1.1598876205348126e-44
