beta,varbeta,snp,pos,type,N,MAF,pval
0.025822458581474975,4.862037417261613e-06,rs3965725,14597009,cc,343,0.1457725947521866,7.276558880427579e-27
0.024910420518763104,3.785697465920866e-06,rs2775537,14601415,cc,343,0.21282798833819241,6.281797222521233e-31
