beta,varbeta,snp,pos,type,N,MAF,pval
3.305931322775864,0.1002429832647668,rs3846487,68782607,cc,343,0.026239067055393587,2.448586168511166e-22
3.021012757439438,0.05697685854550832,rs28616120,68785298,cc,343,0.06705539358600583,2.2473786355958135e-30
3.305931322775864,0.1002429832647668,rs3806856,68785919,cc,343,0.026239067055393587,2.448586168511166e-22
3.305931322775864,0.1002429832647668,rs28407209,68786844,cc,343,0.026239067055393587,2.448586168511166e-22
3.305931322775864,0.1002429832647668,rs3733742,68788261,cc,343,0.026239067055393587,2.448586168511166e-22
3.5571850909911356,0.17680565082160962,rs34221525,68798118,cc,343,0.011661807580174927,7.919324234082176e-16
2.940160487036146,0.04569960102473855,rs28633210,68802366,cc,343,0.08746355685131195,1.4503046244067286e-34
3.4924190802529234,0.5615140377723373,rs35107257,68805616,cc,343,0.0029154518950437317,4.523647496551169e-06
2.9734181252543834,0.05251118486861544,rs28431145,68807200,cc,343,0.07580174927113703,1.39077279307568e-31
3.3406161695466046,0.12480702188759653,rs28489109,68808501,cc,343,0.02040816326530612,5.283151272844135e-19
2.940160487036146,0.04569960102473855,rs34962033,68813626,cc,343,0.08746355685131195,1.4503046244067286e-34
3.3406161695466046,0.12480702188759653,rs28558979,68820348,cc,343,0.02040816326530612,5.283151272844135e-19
3.3379849043062553,0.126302788653558,rs28562181,68824310,cc,343,0.02040816326530612,8.544335965713579e-19
3.363684435607561,0.1350544640145196,rs35628909,68824886,cc,343,0.023323615160349854,5.140997151055135e-18
3.5805001661894984,0.3309860544278627,rs28703202,68826788,cc,343,0.0058309037900874635,1.4216177366949208e-09
3.363684435607561,0.1350544640145196,rs28529133,68828296,cc,343,0.023323615160349854,5.140997151055135e-18
