beta,varbeta,snp,pos,type,N,MAF,pval
2.346168537592696,0.014325065606916201,rs6683357,121164607,cc,343,0.15743440233236153,6.978213537889169e-58
2.099846685228025,0.010236489348113643,rs6600673,121168848,cc,343,0.24198250728862974,1.6765729834916928e-62
2.302478625483803,0.013056466285992349,rs4844616,121171208,cc,343,0.1749271137026239,4.4040597553604866e-60
2.302478625483803,0.013056466285992349,rs7532615,121172840,cc,343,0.1749271137026239,4.4040597553604866e-60
2.302478625483803,0.013056466285992349,rs4844607,121184059,cc,343,0.1749271137026239,4.4040597553604866e-60
2.3105103477375617,0.013242541085833778,rs4844381,121184898,cc,343,0.17201166180758018,8.585763730303673e-60
2.3105103477375617,0.013242541085833778,rs12145080,121185531,cc,343,0.17201166180758018,8.585763730303673e-60
2.3481090828558076,0.014215990428861201,rs6600671,121200490,cc,343,0.15743440233236153,2.9971175487115233e-58
2.3481090828558076,0.014215990428861201,rs2319969,121207335,cc,343,0.15743440233236153,2.9971175487115233e-58
3.3361959275979522,1.2113002379846718,rs6600667,121221334,cc,343,0.026239067055393587,0.002620986768489904
2.384508195338633,0.015087376017997879,rs2319971,121226982,cc,343,0.1457725947521866,4.033111610410433e-57
2.163934216579947,0.010228244342467082,rs6600662,121230790,cc,343,0.22157434402332363,4.595871513803942e-65
2.747092624068735,0.07527852542901683,rs4147001,121236110,cc,343,0.029154518950437316,7.282933389546232e-21
2.2495090187823443,0.012243929994994669,rs11249433,121280613,cc,343,0.18075801749271136,8.424421405278765e-61
2.380684693031671,0.015230743122301027,rs11249431,121286203,cc,343,0.1457725947521866,1.2549356784801934e-56
2.380684693031671,0.015230743122301027,rs2222371,121289118,cc,343,0.1457725947521866,1.2549356784801934e-56
2.3396948121173295,0.014167779661298084,rs12146056,121290234,cc,343,0.16034985422740525,4.228960968619045e-58
2.3542392660907177,0.01454842943828713,rs11249429,121291080,cc,343,0.15451895043731778,1.5205800794283926e-57
2.3022354477057965,0.013206189982157732,rs4259688,121305321,cc,343,0.1749271137026239,1.2939005396441505e-59
2.3740409538649234,0.014877691049916968,rs11249395,121311799,cc,343,0.14868804664723032,2.526572680275673e-57
2.369920570503508,0.01565364078452823,rs17842570,121312687,cc,343,0.1457725947521866,3.1672212465818995e-55
