beta,varbeta,snp,pos,type,N,MAF,pval
0.06396847650995774,3.68670793787935e-05,rs9744388,20143409,cc,343,0.04081632653061224,1.1564241350795756e-22
0.07682332190321427,0.00012575089253993735,rs10163108,20151610,cc,343,0.0029154518950437317,3.42760393210635e-11
0.06271695555189219,2.13202178689037e-05,rs6599770,20161372,cc,343,0.07871720116618076,6.61350162427346e-34
0.06150667295840537,1.7745692735790216e-05,rs7170864,20176300,cc,343,0.09037900874635568,7.251025877985527e-38
0.0653839492971201,4.235208462541235e-05,rs12440100,20177092,cc,343,0.03206997084548105,5.55767659276037e-21
0.06091436626109327,1.7349107623355336e-05,rs10152550,20180945,cc,343,0.09620991253644315,5.851174594600943e-38
0.05627219820850225,9.408721527927826e-06,rs12906138,20184600,cc,343,0.1924198250728863,7.9969910822519065e-53
0.058114305291813786,1.4246712348128886e-05,rs7179358,20191741,cc,343,0.119533527696793,5.247521404347264e-41
0.061916305863303406,2.2581403918867825e-05,rs4932079,20192011,cc,343,0.07580174927113703,8.679244346574796e-32
0.10010786989879501,0.0015723831824492518,rs12148360,20193922,cc,343,0.014577259475218658,0.012035519564181536
0.057167872427079755,1.3998166952196261e-05,rs4932072,20212798,cc,343,0.13994169096209913,1.5245219809748957e-40
0.07980434391702254,0.00013840601830966885,rs2199325,20263028,cc,343,0.14868804664723032,5.1767087714400996e-11
