beta,varbeta,snp,pos,type,N,MAF,pval
11.66329598883666,6.888816368777649,rs28665796,68838523,cc,343,0.05830903790087463,1.1958471733112525e-05
11.674624457947957,2.5755822576340663,rs9413987,69166472,cc,343,0.14285714285714285,2.3925880704202993e-12
