beta,varbeta,snp,pos,type,N,MAF,pval
23.29315085995734,8.543711947571246,rs12328324,95339024,cc,343,0.01749271137026239,2.408291546703309e-14
22.115026264167284,2.7259277799473733,rs1852300,95341388,cc,343,0.05539358600583091,3.49841891500623e-33
23.29315085995734,8.543711947571246,rs12717791,95420294,cc,343,0.01749271137026239,2.408291546703309e-14
23.800903732359536,8.868475606500924,rs11885687,95429424,cc,343,0.014577259475218658,2.0550059685781224e-14
23.841835003236856,9.43947821088093,rs11897891,95440352,cc,343,0.014577259475218658,9.896823470606991e-14
23.792755051361354,9.600502564695994,rs10202262,95444917,cc,343,0.014577259475218658,1.702374652844191e-13
19.001795452941195,0.7654002661184547,rs6716242,95459413,cc,343,0.20699708454810495,2.386206625404117e-66
25.279933950238032,6.75278628078445,rs12465202,95528035,cc,343,0.014577259475218658,6.603089636148886e-20
19.843677840811576,1.297002225328225,rs11164111,95535544,cc,343,0.13994169096209913,4.088674620142522e-49
19.807344808603887,1.3933167361022025,rs7605623,95550958,cc,343,0.13411078717201166,1.5760473353738152e-46
18.71243389898077,0.777074704052317,rs6725878,95566824,cc,343,0.21574344023323616,2.1670229196290295e-64
18.63937934524421,0.7770847438959645,rs10210891,95580865,cc,343,0.21865889212827988,4.643911233332501e-64
20.691712896097016,2.271647890315168,rs4854239,95586249,cc,343,0.08746355685131195,1.8110519802979678e-34
