beta,varbeta,snp,pos,type,N,MAF,pval
10.96463497522878,6.58840979771875,rs6888874,68741059,cc,343,0.0058309037900874635,2.5169689484135356e-05
10.034107162808276,0.6157603905589412,rs28615983,68749848,cc,343,0.05539358600583091,7.2060787540595625e-31
12.546482059382516,7.471084161743408,rs2583707,68757774,cc,343,0.061224489795918366,6.228953786606015e-06
12.766220905762182,16.17931606458729,rs28637859,68766397,cc,343,0.029154518950437316,0.0016410029357678893
11.037360732552347,0.9152307579757984,rs3846487,68782607,cc,343,0.026239067055393587,3.1253488257558226e-26
9.889333621337553,0.5186689348234799,rs28616120,68785298,cc,343,0.06705539358600583,1.7628142355016925e-34
11.037360732552347,0.9152307579757984,rs3806856,68785919,cc,343,0.026239067055393587,3.1253488257558226e-26
11.037360732552347,0.9152307579757984,rs28407209,68786844,cc,343,0.026239067055393587,3.1253488257558226e-26
11.037360732552347,0.9152307579757984,rs3733742,68788261,cc,343,0.026239067055393587,3.1253488257558226e-26
11.116463488057729,1.694945791063776,rs34221525,68798118,cc,343,0.011661807580174927,4.519590097005924e-16
9.548912372105793,0.4160037795446011,rs28633210,68802366,cc,343,0.08746355685131195,1.1432923951804326e-38
11.814202458339388,5.335283211430062,rs35107257,68805616,cc,343,0.0029154518950437317,5.244030959742552e-07
9.647086135573037,0.48153500876600436,rs28431145,68807200,cc,343,0.07580174927113703,3.855718447177018e-35
11.2118199871334,1.1466104488678492,rs28489109,68808501,cc,343,0.02040816326530612,1.943126791151491e-22
9.548912372105793,0.4160037795446011,rs34962033,68813626,cc,343,0.08746355685131195,1.1432923951804326e-38
11.2118199871334,1.1466104488678492,rs28558979,68820348,cc,343,0.02040816326530612,1.943126791151491e-22
11.219318649525672,1.1600100812393348,rs28562181,68824310,cc,343,0.02040816326530612,2.9838733327802615e-22
10.531202158130773,1.2927861340148654,rs35628909,68824886,cc,343,0.023323615160349854,2.27455317204021e-18
11.362203740504384,3.1663145596939968,rs28703202,68826788,cc,343,0.0058309037900874635,5.577144716583538e-10
10.531202158130773,1.2927861340148654,rs28529133,68828296,cc,343,0.023323615160349854,2.27455317204021e-18
