beta,varbeta,snp,pos,type,N,MAF,pval
0.23537423927771464,0.002874564990607434,rs28665796,68838523,cc,343,0.05830903790087463,1.5121917814714366e-05
0.2034880124499421,0.0011183365554801015,rs9413987,69166472,cc,343,0.14285714285714285,3.1247393910675784e-09
